<?xml version="1.0" encoding="UTF-8"?>
<!DOCTYPE mapper
        PUBLIC "-//mybatis.org//DTD Mapper 3.0//EN"
        "http://mybatis.org/dtd/mybatis-3-mapper.dtd">
<!--在进行mapper代理的方式开发dao时，将namespace指定为mapper的全限定名
-->
<mapper namespace="com.ssm.mapper.user.UserInfoMapper">
<!-- 多条件查询用户信息 -->
<sql id="Column_List">
   <where>
         <if test="username">
            and username=#{userName}
         </if>
         <if test="idCard != null">
            and idCard=#{idCard}
         </if>
         <if test="phone != null">
            and phone=#{phone}
         </if>
      </where>
</sql>
 <!-- 新增用户信息 -->
   <insert id="insertUser" parameterType="Pw_Users_Ex" >
    insert into Pw_Users (user_name,password,Card_Code,sex,tel,email)
     values ( #{userName,jdbcType=VARCHAR}, #{password,jdbcType=VARCHAR}, 
      #{cardCode,jdbcType=VARCHAR}, #{sex,jdbcType=TINYINT},  
      #{tel,jdbcType=VARCHAR}, #{email,jdbcType=VARCHAR}
      )
   </insert>
   <!-- 根据用户身份证号查询用户 -->
    <select id="selectByCardID" parameterType="String"  resultMap="findByID">
    select * from Pw_Users u where  u.Card_Code=#{idcard,jdbcType=VARCHAR}
    </select>
    <resultMap type="pw_Users_Ex" id="findByID">
  	<id column="user_id" property="userId"/>
  		<result column="user_name" property="userName"/>
  		<result column="password" property="password"/>
  		<result column="Card_Code" property="cardCode"/>
  		<result column="sex" property="sex"/>
  		<result column="birthday" property="birthday"/>
  		<result column="tel" property="tel"/>
  		<result column="Create_time" property="createTime"/>
  		<result column="Accout_no" property="accoutNo"/>
  	</resultMap>
   <!-- 根据姓名、身份证号、电话、查询用户信息 -->
   <select id="selectByCondition" parameterType="Pw_Users_Ex"  resultType="pw_Users_Ex">
     select * from  userinfo 
     <include refid="Column_List" />
   </select>
   <!-- 根据编号删除个人信息 -->
     <delete id="deleteByID" parameterType="Integer">
     delete from userinfo where userinfo.user_id=#{userID}
     </delete>
    <!-- 修改个人信息 -->
    <update id="updateByPrimaryKeySelective" parameterType="Pw_Users_Ex" >
      update userinfo
    <set >
      <if test="username != null" >
        username = #{username,jdbcType=VARCHAR},
      </if>
      <if test="idCard != null" >
        id_card = #{idCard,jdbcType=VARCHAR},
      </if>
      <if test="sex != null" >
        sex = #{sex,jdbcType=VARCHAR},
      </if>
      <if test="phone != null" >
        phone = #{phone,jdbcType=VARCHAR},
      </if>
        <if test="age != null" >
        phone = #{age,jdbcType=INTEGER},
      </if>
    </set>
    where user_id = #{userId,jdbcType=INTEGER}
  </update>
   
</mapper>