<beans xmlns="http://www.springframework.org/schema/beans"
       xmlns:xsi="http://www.w3.org/2001/XMLSchema-instance" xmlns:mvc="http://www.springframework.org/schema/mvc"
       xmlns:context="http://www.springframework.org/schema/context"
       xmlns:aop="http://www.springframework.org/schema/aop" xmlns:tx="http://www.springframework.org/schema/tx"
       xsi:schemaLocation="http://www.springframework.org/schema/beans
		http://www.springframework.org/schema/beans/spring-beans-3.2.xsd
		http://www.springframework.org/schema/mvc
		http://www.springframework.org/schema/mvc/spring-mvc-3.2.xsd
		http://www.springframework.org/schema/context
		http://www.springframework.org/schema/context/spring-context-3.2.xsd
		http://www.springframework.org/schema/aop
		http://www.springframework.org/schema/aop/spring-aop-3.2.xsd
		http://www.springframework.org/schema/tx
		http://www.springframework.org/schema/tx/spring-tx-3.2.xsd ">

    <!-- 加载资源文件 -->
    <context:property-placeholder location="classpath:jdbc.properties" />
    <!-- 配置数据源 -->
    <bean id="dataSource" class="org.apache.commons.dbcp.BasicDataSource"
          destroy-method="close">
        <property name="driverClassName" value="${jdbc.driverClass}" />
        <property name="url" value="${jdbc.jdbcUrl}" />
        <property name="username" value="${jdbc.user}" />
        <property name="password" value="${jdbc.password}" />
    </bean>


    <!-- SqlsessionFactory -->
    <bean id="sqlSessionFactory" class="org.mybatis.spring.SqlSessionFactoryBean">
        <!--数据源-->
        <property name="dataSource" ref="dataSource"/>
        <!-- mybatis运行环境 -->
        <property name="configLocation" value="classpath:mybatis/SqlMapConfig.xml"/>
    </bean>
    <!--
        MapperScannerConfigurer:整合包下的mapper扫描器，将包下的接口自动创建对象,放到spring容器中，bean的id是类名，首字母小写
               如果要扫描包，可以指定多个包,中间使用半角逗号隔开,要求mapper.xml与mapper.java同名且在同一目录
    -->
    <bean class="org.mybatis.spring.mapper.MapperScannerConfigurer">
        <property name="basePackage" value="com.ssm.mapper"></property>
        <property name="sqlSessionFactoryBeanName" value="sqlSessionFactory"></property>
    </bean>




</beans>