<?xml version="1.0" encoding="UTF-8"?>
<beans xmlns="http://www.springframework.org/schema/beans"
       xmlns:xsi="http://www.w3.org/2001/XMLSchema-instance"
       xmlns:mvc="http://www.springframework.org/schema/mvc"
       xmlns:context="http://www.springframework.org/schema/context" xmlns:tx="http://www.springframework.org/schema/tx"
       xsi:schemaLocation="http://www.springframework.org/schema/beans
		http://www.springframework.org/schema/beans/spring-beans-3.2.xsd 
		http://www.springframework.org/schema/mvc 
		http://www.springframework.org/schema/mvc/spring-mvc-3.0.xsd 
		http://www.springframework.org/schema/context 
		http://www.springframework.org/schema/context/spring-context-3.2.xsd 
		http://www.springframework.org/schema/aop 
		http://www.springframework.org/schema/aop/spring-aop-3.2.xsd 
		http://www.springframework.org/schema/tx 
		http://www.springframework.org/schema/tx/spring-tx-3.2.xsd ">
		<context:component-scan base-package="com.ssm.controller"></context:component-scan>
 	
 	<mvc:default-servlet-handler/>
 	<mvc:annotation-driven  conversion-service="conversionService" validator="validator"/>
 	<bean id="conversionService" class="org.springframework.format.support.FormattingConversionServiceFactoryBean">
    	<property name="converters">
    		<list>
    		      <!-- 自定义日期类型转换 -->
        		<bean  class="com.ssm.comm.DateFormat"></bean>
    		</list>
       	</property>
        </bean>
    <!--配置viewResolver-->
    <bean class="org.springframework.web.servlet.view.InternalResourceViewResolver">
        <property name="prefix" value="/WEB-INF/jsp/" ></property>
        <property name="suffix" value=".jsp"></property>
    </bean>
   <!-- 校验器 -->
<bean id="validator"
      class="org.springframework.validation.beanvalidation.LocalValidatorFactoryBean">
    <!-- hibernate校验器-->
    <property name="providerClass" value="org.hibernate.validator.HibernateValidator" />
    <!-- 指定校验使用的资源文件，在文件中配置校验错误信息，如果不指定则默认使用classpath下的ValidationMessages.properties -->
    <property name="validationMessageSource" ref="messageSource" />
</bean>
<!-- 校验错误信息配置文件 -->
<bean id="messageSource"
      class="org.springframework.context.support.ReloadableResourceBundleMessageSource">
    <!-- 资源文件名-->
    <property name="basenames">
        <list>
            <!-- 这里不需要写properties -->
            <value>classpath:CustomValidationMessages</value>
        </list>
    </property>
    <!-- 资源文件编码格式 -->
    <property name="fileEncodings" value="utf-8" />
    <!-- 对资源文件内容缓存时间，单位秒 -->
    <property name="cacheSeconds" value="120" />
</bean>
    <!-- 拦截器 -->
  <!-- <mvc:interceptors>
    多个拦截器，顺序执行
     登录拦截器
      <mvc:interceptor>
      <mvc:mapping path="/**"/>  
      <bean class="com.ssm.interceptor.LoginInteceptor"></bean>
     </mvc:interceptor>
     <mvc:interceptor>
      <mvc:mapping path="/**"/>  
      <bean class="com.ssm.interceptor.HandlerInterceptor1"></bean>
     </mvc:interceptor>
     第二个拦截器
      <mvc:interceptor>
      <mvc:mapping path="/**"/>  
      <bean class="com.ssm.interceptor.HandlerInterceptor2"></bean>
     </mvc:interceptor>
     
  </mvc:interceptors> -->
    
    
    
    
    
    
    
    
    
    
</beans>