<!DOCTYPE configuration
        PUBLIC "-//mybatis.org//DTD Config 3.0//EN"
        "http://mybatis.org/dtd/mybatis-3-config.dtd">
<configuration>
<!-- 开启驼峰命名 -->
   <settings>
		<setting name="mapUnderscoreToCamelCase" value="true"/>
	</settings> 

    <typeAliases>
        <package name="com.ssm.po"></package>
    </typeAliases>

  <!-- 这里由于使用了spring与mybatis整合包下面的mapper扫描器，所以可以不用配置 -->
  <!--   <mappers>
        <mapper resource="sqlmap/User.xml"></mapper>
        <package name="com.ssm.mapper.user"></package>
    </mappers> -->
</configuration>